{
  "model": "TrafficCamNet",
  "config": {
    "input_size": "960x544",
    "confidence_threshold": 0.3,
    "nms_iou_threshold": 0.45,
    "evaluation_iou_threshold": 0.5,
    "batch_size": 64,
    "num_loader_threads": 2
  },
  "metrics": {
    "precision": 0.5359385041277374,
    "recall": 0.17526148175689876,
    "f1": 0.2641433583471397,
    "mAP_50": 0.11064654035710393
  },
  "latency_ms": {
    "mean": 659.9814345122902,
    "median": 657.813310623169,
    "p95": 668.9540863037109,
    "p99": 805.400104522705,
    "min": 195.86467742919922,
    "max": 1098.3188152313232
  },
  "dataset": {
    "total_images": 10000,
    "total_batches": 157,
    "total_gt_boxes": 123718,
    "total_predictions": 40458
  },
  "target_met": {
    "precision": false,
    "recall": false,
    "mAP_50": false
  },
  "confidence_stats": {
    "mean": 0.5851088895273371,
    "std": 0.17458431635177799,
    "min": 0.30001169443130493,
    "max": 0.9612654447555542,
    "median": 0.5854959785938263
  }
}